date,platform,idea,text,status
2026-11-02,Facebook,Before and after: the Alvarez front beds,"Three days, forty plants, one very happy front walk. Before and after from last week.",Posted
2026-11-05,Google Business Profile,Fall cleanup dates are open,"Fall cleanup dates are open for Cedar Hollow. Leaves, beds and a last mow. Call to pick a day.",Posted
2026-11-08,Instagram,Luis and the new trailer,"Luis picked up the new trailer this week. Same crew, more mulch per trip. #cedarhollow",Posted
2026-11-11,Facebook,When to cut back hydrangeas,"A customer asked us this week when to cut back hydrangeas. Most kinds like a trim in late winter, before new growth starts. If yours blooms on old wood, wait until right after it flowers.",Ready
2026-11-13,Instagram,When to cut back hydrangeas,Late winter for most hydrangeas. Right after flowering for the old wood kind. #hydrangeas #gardentips,Ready
2026-11-15,Email,The fall checklist,"Subject: Five things to do in the yard before the first frost. A short list from the crew, and how to book a cleanup.",Drafted
2026-11-18,Google Business Profile,Mulch before winter,A layer of mulch before winter keeps roots warm and beds tidy. Ask us about a delivery.,Drafted
2026-11-21,Facebook,Meet the crew: Luis,,Idea
2026-11-25,Instagram,First frost photo,,Idea
